[{"model": "auth.permission", "pk": 1, "fields": {"name": "Can add log entry", "content_type": 1, "codename": "add_logentry"}}, {"model": "auth.permission", "pk": 2, "fields": {"name": "Can change log entry", "content_type": 1, "codename": "change_logentry"}}, {"model": "auth.permission", "pk": 3, "fields": {"name": "Can delete log entry", "content_type": 1, "codename": "delete_logentry"}}, {"model": "auth.permission", "pk": 4, "fields": {"name": "Can view log entry", "content_type": 1, "codename": "view_logentry"}}, {"model": "auth.permission", "pk": 5, "fields": {"name": "Can add permission", "content_type": 2, "codename": "add_permission"}}, {"model": "auth.permission", "pk": 6, "fields": {"name": "Can change permission", "content_type": 2, "codename": "change_permission"}}, {"model": "auth.permission", "pk": 7, "fields": {"name": "Can delete permission", "content_type": 2, "codename": "delete_permission"}}, {"model": "auth.permission", "pk": 8, "fields": {"name": "Can view permission", "content_type": 2, "codename": "view_permission"}}, {"model": "auth.permission", "pk": 9, "fields": {"name": "Can add group", "content_type": 3, "codename": "add_group"}}, {"model": "auth.permission", "pk": 10, "fields": {"name": "Can change group", "content_type": 3, "codename": "change_group"}}, {"model": "auth.permission", "pk": 11, "fields": {"name": "Can delete group", "content_type": 3, "codename": "delete_group"}}, {"model": "auth.permission", "pk": 12, "fields": {"name": "Can view group", "content_type": 3, "codename": "view_group"}}, {"model": "auth.permission", "pk": 13, "fields": {"name": "Can add content type", "content_type": 4, "codename": "add_contenttype"}}, {"model": "auth.permission", "pk": 14, "fields": {"name": "Can change content type", "content_type": 4, "codename": "change_contenttype"}}, {"model": "auth.permission", "pk": 15, "fields": {"name": "Can delete content type", "content_type": 4, "codename": "delete_contenttype"}}, {"model": "auth.permission", "pk": 16, "fields": {"name": "Can view content type", "content_type": 4, "codename": "view_contenttype"}}, {"model": "auth.permission", "pk": 17, "fields": {"name": "Can add session", "content_type": 5, "codename": "add_session"}}, {"model": "auth.permission", "pk": 18, "fields": {"name": "Can change session", "content_type": 5, "codename": "change_session"}}, {"model": "auth.permission", "pk": 19, "fields": {"name": "Can delete session", "content_type": 5, "codename": "delete_session"}}, {"model": "auth.permission", "pk": 20, "fields": {"name": "Can view session", "content_type": 5, "codename": "view_session"}}, {"model": "auth.permission", "pk": 21, "fields": {"name": "Can add batch", "content_type": 6, "codename": "add_batch"}}, {"model": "auth.permission", "pk": 22, "fields": {"name": "Can change batch", "content_type": 6, "codename": "change_batch"}}, {"model": "auth.permission", "pk": 23, "fields": {"name": "Can delete batch", "content_type": 6, "codename": "delete_batch"}}, {"model": "auth.permission", "pk": 24, "fields": {"name": "Can view batch", "content_type": 6, "codename": "view_batch"}}, {"model": "auth.permission", "pk": 25, "fields": {"name": "Can add user", "content_type": 7, "codename": "add_user"}}, {"model": "auth.permission", "pk": 26, "fields": {"name": "Can change user", "content_type": 7, "codename": "change_user"}}, {"model": "auth.permission", "pk": 27, "fields": {"name": "Can delete user", "content_type": 7, "codename": "delete_user"}}, {"model": "auth.permission", "pk": 28, "fields": {"name": "Can view user", "content_type": 7, "codename": "view_user"}}, {"model": "auth.permission", "pk": 29, "fields": {"name": "Can add subject", "content_type": 8, "codename": "add_subject"}}, {"model": "auth.permission", "pk": 30, "fields": {"name": "Can change subject", "content_type": 8, "codename": "change_subject"}}, {"model": "auth.permission", "pk": 31, "fields": {"name": "Can delete subject", "content_type": 8, "codename": "delete_subject"}}, {"model": "auth.permission", "pk": 32, "fields": {"name": "Can view subject", "content_type": 8, "codename": "view_subject"}}, {"model": "auth.permission", "pk": 33, "fields": {"name": "Can add classtime", "content_type": 9, "codename": "add_classtime"}}, {"model": "auth.permission", "pk": 34, "fields": {"name": "Can change classtime", "content_type": 9, "codename": "change_classtime"}}, {"model": "auth.permission", "pk": 35, "fields": {"name": "Can delete classtime", "content_type": 9, "codename": "delete_classtime"}}, {"model": "auth.permission", "pk": 36, "fields": {"name": "Can view classtime", "content_type": 9, "codename": "view_classtime"}}, {"model": "auth.permission", "pk": 37, "fields": {"name": "Can add class link", "content_type": 10, "codename": "add_classlink"}}, {"model": "auth.permission", "pk": 38, "fields": {"name": "Can change class link", "content_type": 10, "codename": "change_classlink"}}, {"model": "auth.permission", "pk": 39, "fields": {"name": "Can delete class link", "content_type": 10, "codename": "delete_classlink"}}, {"model": "auth.permission", "pk": 40, "fields": {"name": "Can view class link", "content_type": 10, "codename": "view_classlink"}}, {"model": "auth.permission", "pk": 41, "fields": {"name": "Can add vedio", "content_type": 11, "codename": "add_vedio"}}, {"model": "auth.permission", "pk": 42, "fields": {"name": "Can change vedio", "content_type": 11, "codename": "change_vedio"}}, {"model": "auth.permission", "pk": 43, "fields": {"name": "Can delete vedio", "content_type": 11, "codename": "delete_vedio"}}, {"model": "auth.permission", "pk": 44, "fields": {"name": "Can view vedio", "content_type": 11, "codename": "view_vedio"}}, {"model": "auth.permission", "pk": 45, "fields": {"name": "Can add notice", "content_type": 12, "codename": "add_notice"}}, {"model": "auth.permission", "pk": 46, "fields": {"name": "Can change notice", "content_type": 12, "codename": "change_notice"}}, {"model": "auth.permission", "pk": 47, "fields": {"name": "Can delete notice", "content_type": 12, "codename": "delete_notice"}}, {"model": "auth.permission", "pk": 48, "fields": {"name": "Can view notice", "content_type": 12, "codename": "view_notice"}}, {"model": "auth.permission", "pk": 49, "fields": {"name": "Can add notification", "content_type": 13, "codename": "add_notification"}}, {"model": "auth.permission", "pk": 50, "fields": {"name": "Can change notification", "content_type": 13, "codename": "change_notification"}}, {"model": "auth.permission", "pk": 51, "fields": {"name": "Can delete notification", "content_type": 13, "codename": "delete_notification"}}, {"model": "auth.permission", "pk": 52, "fields": {"name": "Can view notification", "content_type": 13, "codename": "view_notification"}}, {"model": "contenttypes.contenttype", "pk": 1, "fields": {"app_label": "admin", "model": "logentry"}}, {"model": "contenttypes.contenttype", "pk": 2, "fields": {"app_label": "auth", "model": "permission"}}, {"model": "contenttypes.contenttype", "pk": 3, "fields": {"app_label": "auth", "model": "group"}}, {"model": "contenttypes.contenttype", "pk": 4, "fields": {"app_label": "contenttypes", "model": "contenttype"}}, {"model": "contenttypes.contenttype", "pk": 5, "fields": {"app_label": "sessions", "model": "session"}}, {"model": "contenttypes.contenttype", "pk": 6, "fields": {"app_label": "accounts", "model": "batch"}}, {"model": "contenttypes.contenttype", "pk": 7, "fields": {"app_label": "accounts", "model": "user"}}, {"model": "contenttypes.contenttype", "pk": 8, "fields": {"app_label": "classlinks", "model": "subject"}}, {"model": "contenttypes.contenttype", "pk": 9, "fields": {"app_label": "classlinks", "model": "classtime"}}, {"model": "contenttypes.contenttype", "pk": 10, "fields": {"app_label": "classlinks", "model": "classlink"}}, {"model": "contenttypes.contenttype", "pk": 11, "fields": {"app_label": "vedios", "model": "vedio"}}, {"model": "contenttypes.contenttype", "pk": 12, "fields": {"app_label": "notices", "model": "notice"}}, {"model": "contenttypes.contenttype", "pk": 13, "fields": {"app_label": "notification", "model": "notification"}}, {"model": "sessions.session", "pk": "3oprhlbgtqqa0cq0x434b6f5mtaa4ip2", "fields": {"session_data": "e30:1kTLyN:Itlp8mG54Uj71QEx41MofBfqBZcSbaC2rnla5iCpytE", "expire_date": "2020-10-30T09:24:27.216Z"}}, {"model": "sessions.session", "pk": "6i08waf517n5lc6k3ejiihonc9mg6rm4", "fields": {"session_data": ".eJxVjMsOwiAQRf-FtSGAPF267zeQYQakamhS2pXx35WkC93d3HNyXizCvtW497zGmdiFaXb6_RLgI7cB6A7ttnBc2rbOiQ-FH7TzaaH8vB7uX6BCryPrrCnGpaBEKMWAStagxURFW0HZJiWlQ1ASQzDkySstbTl79O47BLL3B-CDN4Q:1kY467:t8g6X2pDtUSU5WZNfoCuCQbN6qHl6bOSSyTudPfxbXM", "expire_date": "2020-11-12T09:19:55.038Z"}}, {"model": "sessions.session", "pk": "ejyancledum9ztcuq43agnx6sn84htdj", "fields": {"session_data": ".eJxVjMsOwiAQRf-FtSGAPF267zeQYQakamhS2pXx35WkC93d3HNyXizCvtW497zGmdiFaXb6_RLgI7cB6A7ttnBc2rbOiQ-FH7TzaaH8vB7uX6BCryPrrCnGpaBEKMWAStagxURFW0HZJiWlQ1ASQzDkySstbTl79O47BLL3B-CDN4Q:1kU5oE:o1u_dwrc2CftJuNugdd6j5DRTdl6RBKx_UvGV5Tn_QQ", "expire_date": "2020-11-01T10:21:02.754Z"}}, {"model": "sessions.session", "pk": "ikbzd1rfl4ucpzo8v7hx6tivph34ooyj", "fields": {"session_data": ".eJxVjMsOwiAQRf-FtSG8oS7d-w2EmQGpGkhKuzL-uzbpQrf3nHNfLKZtrXEbeYkzsTNT7PS7QcJHbjuge2q3zrG3dZmB7wo_6ODXTvl5Ody_g5pG_dYFZC5CGxk8aUeerCsWc3EGJzLGS2_BlEmiQIRkUWWVgkMvKCAW0Oz9Afi_OMg:1kTAxt:gtvmLj1nFIynfrVWc9At_Eq7RvjSZ_DRlADzemUPwkk", "expire_date": "2020-10-29T21:39:13.259Z"}}, {"model": "sessions.session", "pk": "itel562u1asmr6szdglk7kyaqz09s0tj", "fields": {"session_data": ".eJxVjDsOwyAQBe9CHSG-ZkmZ3mdA7IKDkwhLxq6i3D1YcpG0b2bem4W4byXsLa9hTuzKHLv8bhjpmesB0iPW-8Jpqds6Iz8UftLGxyXl1-10_w5KbKXXkXTyFjQYIbREQDDKW0dWDyCcQKeSwWGySiVJk_Fe94LASCt7QZ59vraiNoQ:1kTSk0:fgHxN5lHnwXTm3zLt8XEzrfVkLbYANjHyzqTKG5-VjQ", "expire_date": "2020-10-30T16:38:04.861Z"}}, {"model": "sessions.session", "pk": "nd50hpwuvrvnws8jzenlso4854yxcvpt", "fields": {"session_data": "e30:1kTRBG:cFVeTz77dAjD2WqBCEWrGS0OzbyDSdalBxCx3Wk2_kE", "expire_date": "2020-10-30T14:58:06.963Z"}}, {"model": "sessions.session", "pk": "nsu80nrijj9yy37rmy351s1ltf7ghew2", "fields": {"session_data": ".eJxVjEEOwiAQRe_C2pChFAou3XsGMgODVA0kpV0Z765NutDtf-_9lwi4rSVsnZcwJ3EWRpx-N8L44LqDdMd6azK2ui4zyV2RB-3y2hI_L4f7d1Cwl28NA2dS0ULSyIMxk7WgFU55HBkcQ0btHJO22iuOGjxTJKU8EHpnmMT7A-BMN_Q:1kTRGU:d-hljEMVyh--QpWTQpuSGVAbQOykymxIk3902FMSzvs", "expire_date": "2020-10-30T15:03:30.235Z"}}, {"model": "sessions.session", "pk": "pclf29u1fshx5r96bq42u2rs9f6wqg4r", "fields": {"session_data": "e30:1kTPFk:57upZNwldiW65hZJgxuMPCCV8B8w-t1dozHOxV9CT60", "expire_date": "2020-10-30T12:54:36.792Z"}}, {"model": "sessions.session", "pk": "puinklv5i37ymaghpxkiu0ryw5bk7uce", "fields": {"session_data": "e30:1kT0Yw:al8qHzSg6cv7CQ9cUfNa1nlcCmzgd0-2jjTb5nHxUOo", "expire_date": "2020-10-29T10:32:46.127Z"}}, {"model": "sessions.session", "pk": "wwu066cw64kwdlu15qdn7d5zcyvasx6u", "fields": {"session_data": ".eJxVjEEOwiAQRe_C2pChFAou3XsGMgODVA0kpV0Z765NutDtf-_9lwi4rSVsnZcwJ3EWRpx-N8L44LqDdMd6azK2ui4zyV2RB-3y2hI_L4f7d1Cwl28NA2dS0ULSyIMxk7WgFU55HBkcQ0btHJO22iuOGjxTJKU8EHpnmMT7A-BMN_Q:1kY46b:5t8LZ4_OC_6_V2ZFXsNhnh1AxxGgpaf1XCVOxr4gZso", "expire_date": "2020-11-12T09:20:25.570Z"}}, {"model": "sessions.session", "pk": "yb5ynn1arpbi4tfu1b9egxio0ixf6sdx", "fields": {"session_data": ".eJxVjEEOwiAQRe_C2hA6SMu4dN8zkKHDSNVAUtqV8e7apAvd_vfef6lA25rD1tISZlYX1anT7xZpeqSyA75TuVU91bIuc9S7og_a9Fg5Pa-H-3eQqeVv7XwS4w1AMghn6yWSQ4DJEQuKH5jAIiN2wmxTR95G8dEN0kfbO0D1_gDfCDfu:1kTMC6:jJXCd9c8lCUrWij3jzSJmv3fEIqO2qebm8_LzCWHE1s", "expire_date": "2020-10-30T09:38:38.929Z"}}, {"model": "sessions.session", "pk": "ynj66pgomoackcph61n3ou02xyqkfom5", "fields": {"session_data": "e30:1kTPGK:jPwE0O-mS49p7H-Uu1aHZrjEBFT5NM4jKkVhGZTpfn4", "expire_date": "2020-10-30T12:55:12.382Z"}}, {"model": "accounts.batch", "pk": 1, "fields": {"name": "Mango-101", "capacity": 30, "enrolled": 2, "created_at": "2020-10-15"}}, {"model": "accounts.batch", "pk": 2, "fields": {"name": "Mango-102", "capacity": 30, "enrolled": 1, "created_at": "2020-10-16"}}, {"model": "accounts.batch", "pk": 3, "fields": {"name": "Mango-103", "capacity": 30, "enrolled": 1, "created_at": "2020-10-16"}}, {"model": "accounts.user", "pk": 2, "fields": {"password": "pbkdf2_sha256$216000$3BpY2fqEJqQW$gZn8fhvCxKThTAwurQlBsPTCA8i18KD6lJSQvZL//H8=", "last_login": "2020-10-29T09:19:27.289Z", "email": "std1@std.com", "name": "Student 1", "image": "accounts/Screenshot_2.png", "phone_number": "01512345678", "is_superadmin": false, "is_active": true, "is_staff": true, "is_admin": false, "is_teacher": false, "teacher_aprove": false, "is_student": true, "student_aprove": true, "address": "Dhaka", "payment": true, "batch": 1}}, {"model": "accounts.user", "pk": 3, "fields": {"password": "pbkdf2_sha256$216000$3t64RB1qzVoH$3T+IkWORG2Xd7TYCXfJsdgwoQdS0EzWlWbl3XlfJYaQ=", "last_login": "2020-10-16T16:23:32.995Z", "email": "teacher1@teacher.com", "name": "Teacher 1", "image": "accounts/Screenshot_3.png", "phone_number": "01512345678", "is_superadmin": false, "is_active": true, "is_staff": true, "is_admin": false, "is_teacher": true, "teacher_aprove": true, "is_student": false, "student_aprove": false, "address": "Dhaka", "payment": false, "batch": null}}, {"model": "accounts.user", "pk": 4, "fields": {"password": "pbkdf2_sha256$216000$JOwVJY8JkfyW$DMUdUjY18G/4kIt4GvV0HNOb6AAAiyHXROMu1WMFfac=", "last_login": "2020-10-29T09:19:55.005Z", "email": "admin@admin.com", "name": "Admin", "image": "accounts/admin.jpg", "phone_number": "01512345678", "is_superadmin": true, "is_active": true, "is_staff": true, "is_admin": false, "is_teacher": false, "teacher_aprove": false, "is_student": false, "student_aprove": false, "address": "Dhaka", "payment": false, "batch": null}}, {"model": "accounts.user", "pk": 5, "fields": {"password": "pbkdf2_sha256$216000$5bMbBT7hLB4p$xsvpxLUyDZ8c2mSPyosvatsBUj+/CJnGUd3GUX3Fz+w=", "last_login": "2020-10-29T09:20:25.470Z", "email": "std2@std.com", "name": "Student 2", "image": "accounts/Screenshot_18.png", "phone_number": "01512345678", "is_superadmin": false, "is_active": true, "is_staff": true, "is_admin": false, "is_teacher": false, "teacher_aprove": false, "is_student": true, "student_aprove": true, "address": "Dhaka", "payment": true, "batch": 2}}, {"model": "accounts.user", "pk": 6, "fields": {"password": "pbkdf2_sha256$216000$Deko6y4d0NDL$CBxMmrdPNcl+iarUE/VYiftXXUItuLv+WSreHaz0+6k=", "last_login": "2020-10-16T15:18:21.476Z", "email": "teacher2@teacher.com", "name": "Teacher 2", "image": "accounts/Screenshot_20.png", "phone_number": "01512345678", "is_superadmin": false, "is_active": true, "is_staff": true, "is_admin": false, "is_teacher": true, "teacher_aprove": true, "is_student": false, "student_aprove": false, "address": "Dhaka", "payment": false, "batch": null}}, {"model": "accounts.user", "pk": 7, "fields": {"password": "pbkdf2_sha256$216000$4pMaNRK3dCLt$wjkw4QU43UYqf1zudAJ+50iGMsEO3TxqNjwjVp6x5lM=", "last_login": "2020-10-29T09:19:14.349Z", "email": "std3@std.com", "name": "Student 3", "image": "accounts/Screenshot_67.png", "phone_number": "01512345678", "is_superadmin": false, "is_active": true, "is_staff": true, "is_admin": false, "is_teacher": false, "teacher_aprove": false, "is_student": true, "student_aprove": true, "address": "Dhaka", "payment": true, "batch": 3}}, {"model": "vedios.vedio", "pk": 1, "fields": {"classlink": 1, "title": "Bangla Vedio", "url": "https://www.youtube.com/watch?v=iQ89z59bWJY", "created_at": "2020-10-16"}}, {"model": "vedios.vedio", "pk": 2, "fields": {"classlink": 4, "title": "Youtube vedio", "url": "https://www.youtube.com/watch?v=AYcxiROIktI", "created_at": "2020-10-16"}}, {"model": "vedios.vedio", "pk": 3, "fields": {"classlink": 4, "title": "Youtube vedio2", "url": "https://www.youtube.com/watch?v=q_3TWLY7h2k", "created_at": "2020-10-16"}}, {"model": "vedios.vedio", "pk": 4, "fields": {"classlink": 3, "title": "Youtube vedio 3", "url": "https://www.youtube.com/watch?v=aSBWEA-Mq7U", "created_at": "2020-10-16"}}, {"model": "vedios.vedio", "pk": 5, "fields": {"classlink": 6, "title": "Youtube vedio", "url": "https://www.youtube.com/watch?v=AYcxiROIktI", "created_at": "2020-10-19"}}, {"model": "vedios.vedio", "pk": 6, "fields": {"classlink": 8, "title": "Youtube vedio", "url": "https://www.youtube.com/watch?v=U_L7XOvp2Jo", "created_at": "2020-10-29"}}, {"model": "vedios.vedio", "pk": 7, "fields": {"classlink": 4, "title": "Youtube vedio", "url": "https://www.youtube.com/watch?v=U_L7XOvp2Jo", "created_at": "2020-10-29"}}, {"model": "vedios.vedio", "pk": 8, "fields": {"classlink": 8, "title": "Youtube vedio", "url": "https://www.youtube.com/watch?v=AYcxiROIktI", "created_at": "2020-10-29"}}, {"model": "classlinks.subject", "pk": 1, "fields": {"name": "Bangla", "batch": 1}}, {"model": "classlinks.subject", "pk": 4, "fields": {"name": "English", "batch": 1}}, {"model": "classlinks.subject", "pk": 5, "fields": {"name": "Bangla", "batch": 2}}, {"model": "classlinks.subject", "pk": 6, "fields": {"name": "English", "batch": 2}}, {"model": "classlinks.subject", "pk": 7, "fields": {"name": "Bangla", "batch": 3}}, {"model": "classlinks.classtime", "pk": 1, "fields": {"starttime": "09:00:00", "endtime": "10:00:00"}}, {"model": "classlinks.classtime", "pk": 2, "fields": {"starttime": "10:00:00", "endtime": "11:00:00"}}, {"model": "classlinks.classtime", "pk": 3, "fields": {"starttime": "11:00:00", "endtime": "12:00:00"}}, {"model": "classlinks.classtime", "pk": 4, "fields": {"starttime": "19:00:00", "endtime": "20:00:00"}}, {"model": "classlinks.classlink", "pk": 1, "fields": {"teacher": 3, "subject": 1, "classdate": "2020-10-16", "classtime": 1, "url": "https://www.youtube.com/watch?v=iQ89z59bWJY&t=215s", "created_at": "2020-10-16"}}, {"model": "classlinks.classlink", "pk": 2, "fields": {"teacher": 3, "subject": 4, "classdate": "2020-10-17", "classtime": 1, "url": "https://www.youtube.com/watch?v=zhzFODBiCXE", "created_at": "2020-10-16"}}, {"model": "classlinks.classlink", "pk": 3, "fields": {"teacher": 3, "subject": 6, "classdate": "2020-10-17", "classtime": 2, "url": "https://www.youtube.com/watch?v=AYcxiROIktI", "created_at": "2020-10-16"}}, {"model": "classlinks.classlink", "pk": 4, "fields": {"teacher": 3, "subject": 6, "classdate": "2020-10-18", "classtime": 3, "url": "https://www.youtube.com/watch?v=AYcxiROIktI", "created_at": "2020-10-16"}}, {"model": "classlinks.classlink", "pk": 5, "fields": {"teacher": 6, "subject": 7, "classdate": "2020-10-17", "classtime": 4, "url": "https://meet.google.com/jmf-ufqb-zoc", "created_at": "2020-10-16"}}, {"model": "classlinks.classlink", "pk": 6, "fields": {"teacher": 3, "subject": 7, "classdate": "2020-10-20", "classtime": 4, "url": "https://www.youtube.com/watch?v=AYcxiROIktI", "created_at": "2020-10-18"}}, {"model": "classlinks.classlink", "pk": 7, "fields": {"teacher": 3, "subject": 7, "classdate": "2020-10-29", "classtime": 1, "url": "https://www.youtube.com/watch?v=U_L7XOvp2Jo", "created_at": "2020-10-29"}}, {"model": "classlinks.classlink", "pk": 8, "fields": {"teacher": 6, "subject": 5, "classdate": "2020-10-29", "classtime": 4, "url": "https://www.youtube.com/watch?v=AYcxiROIktI", "created_at": "2020-10-29"}}, {"model": "classlinks.classlink", "pk": 9, "fields": {"teacher": 6, "subject": 5, "classdate": "2020-10-29", "classtime": 4, "url": "https://www.youtube.com/watch?v=U_L7XOvp2Jo", "created_at": "2020-10-29"}}, {"model": "classlinks.classlink", "pk": 10, "fields": {"teacher": 6, "subject": 6, "classdate": "2020-10-30", "classtime": 1, "url": "https://meet.google.com/kib-nimp-mer", "created_at": "2020-10-29"}}, {"model": "notices.notice", "pk": 1, "fields": {"notice": "Jacce tai", "batch": null, "published_at": "2020-10-27", "created_at": "2020-10-27"}}, {"model": "notices.notice", "pk": 2, "fields": {"notice": "Notice 2", "batch": null, "published_at": "2020-10-27", "created_at": "2020-10-27"}}, {"model": "notification.notification", "pk": 2, "fields": {"notification": "Bangla class link is added ", "to": 5, "read": true, "created_at": "2020-10-29T06:42:52.396Z"}}, {"model": "notification.notification", "pk": 3, "fields": {"notification": "Bangla 2020-10-29 class recording is added", "to": 5, "read": true, "created_at": "2020-10-29T07:10:21.351Z"}}, {"model": "notification.notification", "pk": 4, "fields": {"notification": "English class link is added ", "to": 5, "read": true, "created_at": "2020-10-29T09:06:39.646Z"}}, {"model": "notification.notification", "pk": 5, "fields": {"notification": "English class recoding is added", "to": 5, "read": true, "created_at": "2020-10-29T09:07:04.852Z"}}, {"model": "notification.notification", "pk": 6, "fields": {"notification": "Bangla class recoding is added", "to": 5, "read": true, "created_at": "2020-10-29T09:20:09.175Z"}}]